idn,title,year,isbn,url,subjects
1375818457,Niki de Saint Phalle - Die Grotte,2026,9783775758642,https://deposit.dnb.de/cgi-bin/dokserv?id=b406b929b9104918ad0d85fbf331800e,
1375817957,Niki de Saint Phalle - The Grotto,2026,9783775758659,https://deposit.dnb.de/cgi-bin/dokserv?id=030d7400be864bc6a143cf8fba4e5ffe,
1347131019,Feministische Avantgarde,2025,9783791376226,http://deposit.dnb.de/cgi-bin/dokserv?id=69cec3eb8a084667a52f7bfdeaf86900&prov=M&dok_var=1&dok_ext=htm,Engagierte Kunst | Avantgarde | Künstlerin | Feminismus | Geschichte 1968-1980 | Verbund AG
1357144318,Grethe Jürgens,2025,9783864424571,https://d-nb.info/1357144318/04,"Jürgens, Grethe | Malerei"
1361486112,Lillien Grupe - Realität(en)?,2025,9783949924101,https://d-nb.info/1361486112/04,
1375752529,Love you for infinity,2025,9783891692622,https://deposit.dnb.de/cgi-bin/dokserv?id=e813de7a50294b75a66d7e510e6bd6c4,
1375750437,Love you for infinity,2025,9783891692639,https://deposit.dnb.de/cgi-bin/dokserv?id=818727944b7f486e9150ab4531bc946e,
1362737259,"On lies, secrets and silence",2025,9783891692615,https://deposit.dnb.de/cgi-bin/dokserv?id=b566e2294217449bae9c8c6013346cff,
1366635671,Peter Heber - über das Sterben,2025,9783891692646,https://deposit.dnb.de/cgi-bin/dokserv?id=c162255c3801478e85559039d92abd9c,
129318635X,Verfemt - gehandelt,2025,9783864424243,https://d-nb.info/129318635X/04,"Kunst | Geschichte 1890-1945 | Doebbeke, Conrad | Sammlung | Sprengel Museum Hannover | Provenienzforschung | Doebbeke, Conrad | Sammlung | Kunst | Hannover | Erwerbung | Geschichte 1949 | Herkunft"
1325410217,Bastian Hoffmann - radical negation,2024,9783864424373,,
1376903024,How to be an artist like me,2024,9783949924071,https://d-nb.info/1376903024/04,
1347529314,Nahaufnahmen,2024,9783944286433,,
1326056700,Peter Tuma - aufkommende Unruhe,2024,9783891692608,https://d-nb.info/1326056700/04,
1318695635,Porträt einer Sammlung - Sprengel Museum Hannover,2024,9783891692585,https://d-nb.info/1318695635/04,Kunst | Geschichte 1902-2015 | Sprengel Museum Hannover
1315847256,Subjective evidence,2024,9783960701088,https://d-nb.info/1315847256/04,"Probst, Barbara | Fotografie | Geschichte 2019-2023"
1288765711,Adrian Sauer: truth table,2023,9783959057561,https://d-nb.info/1288765711/04,"Sauer, Adrian | Fotografie | Geschichte 1998-2023"
1310094683,Christian Retschlag,2023,9783864424311,https://d-nb.info/1310094683/04,"Retschlag, Christian | Dokumentarfotografie | Radwandern | Hannover | Mont Ventoux | Landschaftsfotografie | Sachaufnahme"
1277295123,Fotografien der Fotografie,2023,9783868327519,https://d-nb.info/1277295123/04,"Jäger, Gottfried | Generative Fotografie | Geschichte 1960-2020"
1287958486,Kunst und Künstler*innen in Hannover im Nationalsozialismus,2023,9783891692561,https://d-nb.info/1287958486/04,
1299123732,ocular witness,2023,9783891692578,,
1292894105,"Picasso, Beckmann",2023,9783954766017,https://d-nb.info/1292894105/04,"Picasso, Pablo | Beckmann, Max"
1318695732,Portrait of a collection - Sprengel Museum Hannover,2023,9783891692592,https://d-nb.info/1318695732/04,Kunst | Geschichte 1902-2015 | Sprengel Museum Hannover
1293186678,Schweinebewusstsein,2023,9783864424250,https://d-nb.info/1293186678/04,Schwein | Schweineproduktion | Fleischprodukt | Rezeption | Kunst | Geschichte 2007-2023
128063796X,The real thing,2023,9783947127429,https://d-nb.info/128063796X/04,"Brown, Glenn | Malerei | Plastik"
1287423973,Welche Moderne?,2023,9783954765751,https://d-nb.info/1287423973/04,Les Maîtres populaires de la réalité | Avantgarde | Naive Malerei | Rezeption | Kanon
1254011242,Edda Zesin - Zeichnungen,2022,9783891692554,,
1249062152,"Gegeben sind Reuterswärd, Fahlström, Duchamp",2022,9783864423789,https://d-nb.info/1249062152/04,"Reuterswärd, Carl Fredrik | Fahlström, Öyvind | Duchamp, Marcel"
1269127276,Seitwärts über den Nordpol,2022,9783753302560,https://d-nb.info/1269127276/04,"Möbus, Christiane"
126865471X,Vom Beginnen,2022,,https://d-nb.info/126865471X/04,
1245231324,A00121,2021,9783954764525,https://d-nb.info/1245231324/04,"Monka, Jonas | Plastik"
1246215810,Danach ist davor,2021,9783864423536,,"Monkiewitsch, Lienhard von | Malerei"
1187971537,Elementarteile,2021,9783864422973,,
1233038621,Elementarteile,2021,9783864422973,,
1233038753,Elementarteile,2021,9783864422973,,
123303880X,Elementarteile,2021,9783864422973,,
1233038915,Elementarteile,2021,9783864422973,,
1233038966,Elementarteile,2021,9783864422973,,
1233039059,Elementarteile,2021,9783864422973,,
1233039148,Elementarteile,2021,9783864422973,,
1233039229,Elementarteile,2021,9783864422973,,
1233039261,Elementarteile,2021,9783864422973,,
1244300748,Elementarteile,2021,9783864422973,,
1236770714,"Formen, die ihr Wesen treiben",2021,9783891692530,https://d-nb.info/1236770714/04,
1234724227,How to survive,2021,9783891692509,https://d-nb.info/1234724227/04,
1253329427,Isabel Nuño de Buen,2021,9783864423727,https://d-nb.info/1253329427/04,
1230238085,Pralinen,2021,9783982185156,,"Hoesle, Adi"
1249686180,True Pictures?,2021,,https://d-nb.info/1249686180/04,
1245878093,True pictures?,2021,9783864423703,https://d-nb.info/1245878093/04,USA | Kanada | Fotografie | Geschichte 1972-2001
1237512115,"Zanele Muholi, Zazise",2021,9783891692547,,
1295730979,Awangardowe muzeum,2020,9788366696044,https://d-nb.info/1295730979/04,Kunstmuseum | Avantgarde | Geschichte 1918-1933 | Muzej Chudožestvennoj Kul'tury | Societe Anonyme | AR | Sprengel Museum Hannover
1186728531,"Christian Borchert, The tectonics of remembrance",2020,9783959053372,https://d-nb.info/1186728531/04,"Borchert, Christian | Schwarzweißfotografie | Porträtfotografie | Geschichte 1954-1999"
1216354952,El Lissitzky und eine Rolle Plakate,2020,9783891692486,,
1234724731,How to survive,2020,9783891692493,https://d-nb.info/1234724731/04,
1217425500,M+M. Fieberhalle,2020,9783960986676,https://d-nb.info/1217425500/04,M + M | Film-Installation | Geschichte 1989-2019
1271483335,Naturdinge,2020,9783000650529,https://d-nb.info/1271483335/04,
1199132977,Aggregatzustände,2019,9783891692462,https://d-nb.info/1199132977/04,
1199023485,Bäume,2019,9783960987437,https://d-nb.info/1199023485/04,
1182483232,Die Reihe Merz 1923-1932,2019,9783110621303,http://www.degruyter.com/search?f_0=isbnissn&q_0=9783110621303&searchTitles=true,Merz
1195450265,Gerd Schmidt Vanhove,2019,9783891692448,https://d-nb.info/1195450265/04,
1189846268,Gezielte Setzungen: übermalte Fotografie in der zeitgenössischen Kunst,2019,9783891692455,https://d-nb.info/1189846268/04,
1196898936,Goraiko - Fiona Tan,2019,9789072532411,https://d-nb.info/1196898936/04,
118206521X,"Huemer, Ich hätte auch die gleiche Ausstellung immer wieder für Euch machen können",2019,9783891692431,,
120102899X,Jussuf Abbo,2019,9783891692479,,
1172533806,Louisa Clement: Remote control,2019,9783775745314,http://deposit.dnb.de/cgi-bin/dokserv?id=dd5b09ce7e27451890fc0d0c314952e5&prov=M&dok_var=1&dok_ext=htm,"Clement, Louisa | Smartphone | Fotografie | Schaufensterpuppe"
1187767387,Selected works 1971-2019,2019,9783868325485,https://d-nb.info/1187767387/04,"Aycock, Alice | Aluminiumplastik | Installation | Arbeiten auf Papier"
1187849278,Umbo - photographer,2019,9783864422881,https://d-nb.info/1187849278/04,Umbo | Fotografie
118876490X,"Viermal Neues auf Papier II - Christiane Baumgartner, Anke Röhrscheid, Miron Schmückle, Emma Stibbon",2019,,,
1166252477,"Anne Collier, Photographic",2018,9783960700302,,
115991205X,Ella Bergmann-Michel und Robert Michel,2018,9783864422492,https://d-nb.info/115991205X/04,"Bergmann-Michel, Ella | Michel, Robert | Collage | Grafik"
1158558708,Fake news,2018,,https://d-nb.info/1158558708/04,
1151655449,Figuren: Rineke Dijkstra und die Sammlung des Sprengel Museum Hannover,2018,9783891692417,https://d-nb.info/1151655449/04,
1152334859,Florentina Pakosta,2018,9783735604606,https://d-nb.info/1152334859/04,
1100706836,Menschen im Fahrstuhl,2018,9783959051033,,"Riebesehl, Heinrich | Schwarzweißfotografie | Porträtfotografie | Hannover | Aufzug | Geschichte 1969"
1209697742,Niki de Saint Phalle und Tinguely - Weltbilder oder die Ironie der Dinge,2018,9783981884036,,
1129629333,El Lissitzky - das Kabinett der Abstrakten,2017,,,
1138581755,Emil Cimiotti zum 90.,2017,9783891692387,https://d-nb.info/1138581755/04,
1119735556,Erdmännchen Gustav - Kunstraub im Museum,2017,9783570174593,http://deposit.dnb.de/cgi-bin/dokserv?id=dbed2409b1c941b48b83a5b5d8578bd6&prov=M&dok_var=1&dok_ext=htm,
1131818555,Präsent: zwischen den Zeilen,2017,9783891692370,https://d-nb.info/1131818555/04,
1133025897,Produktion: Made in Germany Drei,2017,9783864422089,https://d-nb.info/1133025897/04,Deutschland | Kunst
1135581436,RevonnaH,2017,9783864422256,https://d-nb.info/1135581436/04,Hannover | Kunst | Avantgarde | Geschichte 1912-1933
1139853325,The far flowered shore,2017,9783960981985,,"Weidner, Sascha"
110884541X,130 % Sprengel - Sammlung pur,2016,,,
1150798483,"Adi Hoesle, Margret Eicher - Kalibrierung",2016,9783891692394,,
1115202537,Erdmännchen Gustav - Kunstraub im Sprengel Museum,2016,9783945497029,,Sprengel Museum Hannover | Gemälde | Diebstahl | Zootiere | Erdmännchen | Aufklärung
1114294756,"Gert & Uwe Tobias, Collagen",2016,9783862066117,http://deposit.dnb.de/cgi-bin/dokserv?id=6b915d0460e346fba93e78b2c00460a6&prov=M&dok_var=1&dok_ext=htm,
1079538844,Manifesto,2016,9783863358563,,
1126048356,Manifesto,2016,9783863358556,,
1079284028,Manifesto,2016,9783863358556,,
1116097915,Werkstatt für Photographie 1976-1986,2016,9783960980438,https://d-nb.info/1116097915/04,Werkstatt für Photographie | Fotografie | Geschiochte 1976-1986
1116098571,Werkstatt für Photographie 1976-1986,2016,9783960980421,https://d-nb.info/1116098571/04,Werkstatt für Photographie | Fotografie | Geschichte 1976-1986
1070527726,Auszeit - vom Faulenzen und Nichtstun,2015,9783891692349,https://d-nb.info/1070527726/04,
1077109377,Corinna Schnitt,2015,9783835318076,https://d-nb.info/1077109377/04,
1064338895,"Figur I, Figur II",2015,9783944669908,http://deposit.dnb.de/cgi-bin/dokserv?id=5120238&prov=M&dok_var=1&dok_ext=htm,"Steinbach, Andrzej | Porträtfotografie | Frau"
1066784736,Hannah Collins,2015,9783868280265,https://d-nb.info/1066784736/04,
1077070586,Madonna,2015,9783954981908,https://d-nb.info/1077070586/04,Mariendarstellung | Mutter | Kultbild | Geschichte
1072517760,Plakativ,2015,9783891692356,,
1076877788,"Zehn Räume, drei Loggien und ein Saal: das neue Sprengel Museum",2015,9783891692363,https://d-nb.info/1076877788/04,
1043291598,Alle Texte,2014,9783050064437,https://d-nb.info/1043291598/04,
1048114511,Alle Texte,2014,,,
1052602061,Die frühen Jahre,2014,9783864421013,https://d-nb.info/1052602061/04,Großbritannien | Deutschland | Kunst | Geschichte 1945-1989
1051337542,We love Britain! - Martin Parr,2014,9783829606875,https://d-nb.info/1051337542/04,
1059615886,Zeichnung Ost,2014,9783891692332,https://d-nb.info/1059615886/04,
1031966706,Ausblicke,2013,9783785911259,https://d-nb.info/1031966706/04,Sprengel Museum Hannover | Kunst | Evangelische Kirche | Predigt
1031398457,"Boris Mikhailov, Bücher, Books",2013,9783863353032,https://d-nb.info/1031398457/04,
1031337814,"Erblickt, verpackt und mitgenommen - Herkunft der Dinge im Museum",2013,9783891692271,https://d-nb.info/1031337814/04,Provenienzforschung | Kongress | Hannover <2010>
102951769X,"Eva Leitolf, Postcards from Europe 03/13",2013,9783868283983,http://deposit.dnb.de/cgi-bin/dokserv?id=4227199&prov=M&dok_var=1&dok_ext=htm,
991780760,Inter esse,2013,9783865217882,http://deposit.dnb.de/cgi-bin/dokserv?id=3198717&prov=M&dok_var=1&dok_ext=htm,"Sewcz, Maria | Schwarzweißfotografie | Berlin | Geschichte 1985-1987 | Bildband"
1031591389,Meret Oppenheim - Über den Bäumen,2013,9783891692288,,
1034837842,Purer Zufall,2013,9783891692295,https://d-nb.info/1034837842/04,
1029836345,Schwitters in England,2013,9783775735957,https://d-nb.info/1029836345/04,
1043216928,Sturtevant - The house of horrors,2013,9783891692318,https://d-nb.info/1043216928/04,
1042673047,Von Kollwitz bis Picasso,2013,9783891692301,,
101742022X,"Ilya Kabakov, eine Rückkehr zur Malerei, a return to painting",2012,9783866786523,https://d-nb.info/101742022X/04,"Kabakov, Ilʹja Iosifovič | Malerei | Geschichte 1961-2011 | Ausstellung | Hannover <2012>"
1027197035,Im Zeichen der Linie,2012,9783891692264,https://d-nb.info/1027197035/04,
1022285688,Made in Germany Zwei,2012,9783869843346,https://d-nb.info/1022285688/04,Deutschland | Kunst | Internationalität | Ausstellung | Hannover <2012>
102374242X,Michael Morgner,2012,9783891692240,,
1017295824,"Thomas Hirschhorn, Kurt Schwitters-Plattform, untere Kontrolle",2012,9783863351120,https://d-nb.info/1017295824/04,
1025766679,"Weiße Federn, schwarzes Fell",2012,9783891692257,https://d-nb.info/1025766679/04,
1026665752,Wenn Gesinnung Form wird,2012,9783940064561,https://d-nb.info/1026665752/04,"Schmitt, Arne | Architekturfotografie | Deutschland | Ausstellung | Hannover <2012>"
1005908567,Anna Blume und ich,2011,9783775727532,https://d-nb.info/1005908567/04,"Schwitters, Kurt | Zeichnung | Ausstellung | Hannover <2011>"
1011122855,Bahman Jalali,2011,9783863350260,https://d-nb.info/1011122855/04,"Ǧalālī, Bahman | Fotografie | Alltag | Iran | Ausstellung | Hannover <2011>"
1125719877,Der Museumsbesuch,2011,9783000362286,,
1015463649,Götter und Helden,2011,9783891692219,,
1009889621,"""Ohne Ekstase kein Tanz!""",2011,9783891692202,https://d-nb.info/1009889621/04,
1016447256,Photography Calling!,2011,9783891692226,,
1012626164,Photography Calling!,2011,9783869303796,https://d-nb.info/1012626164/04,Fotografie | Geschichte 1960-2011 | Ausstellung | Hannover <2011> | Dokumentarfotografie | Geschichte 1960-2011 | Ausstellung | Hannover <2011>
1010802054,"Roman Bezjak, Socialist modernism",2011,9783775731881,http://deposit.dnb.de/cgi-bin/dokserv?id=3708126&prov=M&dok_var=1&dok_ext=htm,"Bezjak, Roman | Architekturfotografie | Osteuropa | Südosteuropa | Großstadt | Geschichte 2005-2010 | Ausstellung | Hannover <2011>"
101314242X,Siegfried Neuenhausen,2011,9783934421226,,
1012004678,Tacita Dean - film works with Merce Cunningham,2011,9783869302997,,
1018094288,"""The sound of downloading makes me want to upload""",2011,9783891692233,,
1006182721,Der Blick auf Fränzi und Marcella,2010,9783862060351,https://d-nb.info/1006182721/04,"Heckel, Erich | Kirchner, Ernst Ludwig | Pechstein, Max | Aktdarstellung | Modell | Mädchen | Fehrmann, Lina Franziska | Sprentzel, Marcella Albertine Olga | Modell"
1006328831,Der Blick auf Fränzi und Marcella,2010,9783891692158,,
1007976837,Die Schenkung Ann und Jürgen Wilde,2010,9783891692189,https://d-nb.info/1007976837/04,
999241737,Ein Geschenk ...,2010,9783835306608,https://d-nb.info/999241737/04,"Sprengel, Bernhard | Sammlung | Aufsatzsammlung"
1006569634,Kinder,2010,9783891692165,,
1001547179,Kontextarchitektur,2010,9783775726894,https://d-nb.info/1001547179/04,Architektur | Kunst | Museumsbau | Kongress | Hannover <2010>
1002017270,Liebesgeschichten,2010,9783891692127,https://d-nb.info/1002017270/04,
1003832091,Re-Re-Education,2010,9783865608437,https://d-nb.info/1003832091/04,
1000881008,"Richard Deacon, the missing part",2010,9783865607577,https://d-nb.info/1000881008/04,"Deacon, Richard | Plastik | Ausstellung | Straßburg <2010>"
1003432956,"Richard Deacon, the missing part",2010,9783865607935,https://d-nb.info/1003432956/04,"Deacon, Richard | Plastik | Ausstellung | Straßburg <2010>"
1009309714,Schüler an die Kunst,2010,9783891692196,,Kunstvermittlung | Museumspädagogik | Schule
1007460121,"Tet Arnold von Borsig - vom Firmenerben zum ""glücklichen Fotografen""",2010,9783891692172,,
1007900911,Timm Ulrichs,2010,9783775727945,https://d-nb.info/1007900911/04,"Ulrichs, Timm | Concept-art | Geschichte 1960-2010 | Ausstellung | Hannover <2010>"
1003246532,"Vom Leben gezeichnet, Leidenschaft in der Grafik der Moderne",2010,9783891692141,,
998937436,Film works with Merce Cunningham - Tacita Dean,2009,9783869300702,,
995768617,Henk Chabot,2009,9783891692103,,
994608845,Maquette Braunschweig,2009,9783865218346,,"Mychajlov, Borys | Fotografie | Braunschweig | Mensch | Geschichte 2008 | Bildband"
99354603X,"Marc, Macke und Delaunay",2009,9783891692073,https://d-nb.info/99354603X/04,
995156689,"Marc, Macke und Delaunay",2009,9783832192129,https://d-nb.info/995156689/04,"Marc, Franz | Malerei | Geschichte 1909-1915 | Ausstellung | Hannover <2009> | Macke, August | Malerei | Geschichte 1910-1914 | Ausstellung | Hannover <2009> | Delaunay, Robert | Malerei | Geschichte 1908-1928 | Ausstellung | Hannover <2009>"
993544487,"Marc, Macke und Delaunay",2009,9783891692097,,
996365885,Nachtblüten,2009,9783891692110,,
992806801,Schwitters in Norway,2009,9783775724203,https://d-nb.info/992806801/04,"Schwitters, Kurt | Collage | Geschichte 1913-1939 | Ausstellung | Oslo <2009> | Schwitters, Kurt | Assemblage | Geschichte 1913-1939 | Ausstellung | Oslo <2009> | Schwitters, Kurt | Landschaftsmalerei | Norwegen | Geschichte 1913-1939 | Ausstellung | Oslo <2009>"
99121594X,Drehmomente,2008,,,
990312402,Dressing the message,2008,9783891692080,https://d-nb.info/990312402/04,
987536923,Helen Levitt,2008,9783891692042,http://deposit.dnb.de/cgi-bin/dokserv?id=3070025&prov=M&dok_var=1&dok_ext=htm,
986312533,Helen Levitt,2008,9783775721691,,"Levitt, Helen | Fotografie | Großstadt | Straße | Bewohner | Geschichte 1937-1997"
984836578,1937. Auf Spurensuche,2007,9783891692028,,
983936013,Buch - book #9,2007,9783865602329,http://deposit.dnb.de/cgi-bin/dokserv?id=2945498&prov=M&dok_var=1&dok_ext=htm,"Feldmann, Hans-Peter | Ausstellung | Hannover <2007>"
985275642,César Domela,2007,9783891692035,https://d-nb.info/985275642/04,"Domela, César | Objektkunst | Sprengel Museum Hannover | Ausstellung | Hannover <2007>"
986767662,Die 1960er Jahre in Hannover,2007,9783891692066,,
982645155,Emil Schumacher - der Erde näher als den Sternen,2007,9783777435855,https://d-nb.info/982645155/04,"Schumacher, Emil | Malerei | Ausstellung | Hannover <2007>"
984167382,Horst Antes,2007,9783891692011,https://d-nb.info/984167382/04,
982530226,Kunsthändler und Sammler der Moderne im Nationalsozialismus,2007,9783496013693,https://d-nb.info/982530226/04,"Sprengel, Bernhard | Sammlung | Geschichte 1934-1945"
984850538,Made in Germany,2007,9783000218187,https://d-nb.info/984850538/04,
982978383,Made in Germany,2007,9783775719858,https://d-nb.info/982978383/04,Deutschland | Kunst | Geschichte 1999-2007 | Ausstellung | Hannover <2007>
98383427X,Nouveau Réalisme - Revolution des Alltäglichen,2007,9783775720588,https://d-nb.info/98383427X/04,Nouveau réalisme | Geschichte 1960-1970 | Ausstellung | Hannover <2007>
986514004,Nouveau Réalisme,2007,9783891692059,,
982316534,Timm Rautert,2007,9783865214188,http://deposit.dnb.de/cgi-bin/dokserv?id=2889344&prov=M&dok_var=1&dok_ext=htm,"Rautert, Timm | Fotografie | Geschichte 1966-2006 | Ausstellung | Leipzig <2006>"
988455579,"Wenn wir dich nicht sehen, siehst du uns auch nicht",2007,,,
982933207,"Wolfgang Tillmans, Sprengel-Installation (+4)",2007,9783891691991,http://deposit.dnb.de/cgi-bin/dokserv?id=2914596&prov=M&dok_var=1&dok_ext=htm,
981539955,Die Entdeckung einer neuen Welt,2006,9783891691977,http://deposit.dnb.de/cgi-bin/dokserv?id=2863348&prov=M&dok_var=1&dok_ext=htm,
980580994,Die Zeit der Avantgarden,2006,8387937452,,
978771680,Kurt Schwitters,2006,9783775709897,,
981539963,Merzgebiete,2006,9783891691960,http://deposit.dnb.de/cgi-bin/dokserv?id=2863347&prov=M&dok_var=1&dok_ext=htm,
979845521,Merzgebiete,2006,9783832177362,https://d-nb.info/979845521/04,Merzkunst | Geschichte | Ausstellung | Hannover <2006>
978878477,Mir,2006,9783891691946,http://deposit.dnb.de/cgi-bin/dokserv?id=2784009&prov=M&dok_var=1&dok_ext=htm,
979851785,Niki & Jean,2006,9783791360508,,
981085407,Play station,2006,,,
981489028,Rudolf Jahns,2006,9783891691984,https://d-nb.info/981489028/04,
980504406,Sprengel macht Ernst,2006,9783891691953,https://d-nb.info/980504406/04,
1027069894,Architektursammlung Niedersachsen,2005,,https://d-nb.info/1027069894/04,
986156523,Bangkok,2005,9783000176586,,
974329525,Die Entstehungsgeschichte des Sprengel-Museums Hannover,,,https://d-nb.info/974329525/04,Sprengel Museum Hannover | Geschichte 1959-1979 | Museumsbau des Sprengel Museums Hannover | Geschichte 1959-1979
975123165,Dieter Roth & Dorothy Iannone,2005,9783935567275,https://d-nb.info/975123165/04,"Roth, Dieter | Ausstellung | Hannover <2005> | Iannone, Dorothy | Ausstellung | Hannover <2005>"
974028223,Ernst Schwitters,2005,9783775715263,https://d-nb.info/974028223/04,"Schwitters, Ernst | Fotografie | Geschichte 1930-1960 | Ausstellung | Hannover <2005>"
977198871,"Heidi Specker, concrete",2005,9783865211408,,"Specker, Heidi | Architekturfotografie | Betonbau | Ausstellung | Hannover <2005>"
975566229,"Heidi Specker, im Garten",2005,9783865211408,,"Specker, Heidi | Fotografie | Ausstellung | Hannover <2005>"
973400889,Martha Rosler,2005,9783775715997,https://d-nb.info/973400889/04,"Rosler, Martha | Fotografie | Sozialraum | Alltag | Ausstellung | Hannover <2005>"
974238015,Martha Rosler,2005,9783891691885,http://deposit.dnb.de/cgi-bin/dokserv?id=2613623&prov=M&dok_var=1&dok_ext=htm,"Rosler, Martha | Fotografie | Öffentlicher Raum | Alltag | Ausstellung | Hannover <2005>"
1137195517,Max Beckmann. Jahrmarkt und Hölle. Arbeiten auf Papier aus dem Sprengel Museum Hannover,2005,,,
975111582,Nana-Power,2005,9783894792459,https://d-nb.info/975111582/04,"Saint Phalle, Niki de | Ausstellung | Hannover <2005>"
974237930,Niki de Saint Phalle - der Tarot-Garten,2005,9783891691892,,Tarotgarten | Entwurf | Ausstellung | Hannover <2005>
976851768,Niki & Jean,2005,9783791335346,https://d-nb.info/976851768/04,"Saint Phalle, Niki de | Tinguely, Jean | Bildband"
974382701,Phantastische Welten,2005,,,
976680696,"""Rarrk"" - John Mawurndjul",2005,9783796522017,,"Mawurndjul, John | Malerei | Geschichte 1979-2005 | Ausstellung | Basel <2005>"
975575848,"""Rarrk"" - John Mawurndjul",2005,9783796521874,https://d-nb.info/975575848/04,"Mawurndjul, John | Malerei | Geschichte 1979-2005 | Ausstellung | Basel <2005>"
975341472,Sprengels Chagall,2005,9783891691915,http://deposit.dnb.de/cgi-bin/dokserv?id=2653008&prov=M&dok_var=1&dok_ext=htm,"Chagall, Marc | Druckgrafik | Sprengel Museum Hannover | Ausstellung | Hannover <2005>"
975341480,Sprengels Chagall,2005,9783891691908,https://d-nb.info/975341480/04,"Chagall, Marc | Druckgrafik | Sprengel Museum Hannover | Katalog"
976738716,"Valérie Jouve, fotografie",2005,9783891691922,http://deposit.dnb.de/cgi-bin/dokserv?id=2689768&prov=M&dok_var=1&dok_ext=htm,
972527567,"Andy Warhol Selbstportraits, self-portraits",2004,9783775713900,https://d-nb.info/972527567/04,"Warhol, Andy | Selbstbildnis | Ausstellung | Sankt Gallen <2004>"
968512062,"Andy Warhol Selbstportraits, self-portraits",2004,9783775713900,https://d-nb.info/968512062/04,"Warhol, Andy | Selbstbildnis | Ausstellung | Sankt Gallen <2004>"
973027010,Camill Leberer,2004,9783925212604,https://d-nb.info/973027010/04,"Leberer, Camill | Zeichnung | Geschichte 1992-2004 | Ausstellung | Karlsruhe <2004>"
97115998X,Dans les flammes,2004,9783891691786,,"Francken, Ruth | Ausstellung | Hannover <2004>"
974377082,"Dennis del Favero, Fantasmi",2004,,,
970415621,Heinrich Riebesehl: fotografische Serien 1963 - 2001,2004,9783775714662,https://d-nb.info/970415621/04,"Riebesehl, Heinrich | Fotosequenz | Geschichte 1963-2001 | Ausstellung | Hannover <2004>"
972382631,Helga Paris,2004,9783935567190,https://d-nb.info/972382631/04,"Paris, Helga | Fotografie | Geschichte 1968-1998 | Ausstellung | Hannover <2004>"
972283315,"Leni Hoffmann, beautiful one day - perfect the next",2004,9783937014029,https://d-nb.info/972283315/04,"Hoffmann, Leni | Geschichte 1997-2004 | Ausstellung | Hannover <2004>"
992713293,Otto Dix: Grafikmappe Der Krieg von 1924,2004,,,"Dix, Otto | Graphische Technik | Geschichte | Dix, Otto | Graphische Technik"
971096511,"Peter Rösel - Tom Sawyer, der Teufel und seine Großmutter",2004,9783891691847,,"Rösel, Peter | Installation | Ausstellung | Hannover <2004>"
970734158,Portraits: Zoltán Jókay,2004,9783775714679,,"Jókay, Zoltán | Porträtfotografie | Ausstellung | Hannover <2004>"
969482752,Social creatures,2004,9783775714327,,Experimentelle Fotografie | Geschichte 1995-2003 | Ausstellung | Hannover <2004>
971684359,Sprengels Picasso,2004,9783891691861,https://d-nb.info/971684359/04,"Picasso, Pablo | Sprengel Museum Hannover | Katalog"
970416350,Timm Ulrichs,2004,9783891691830,,"Ulrichs, Timm | Druckgrafik | Sprengel Museum Hannover | Katalog"
96980833X,Anthologie de l'amour sublime,2003,,,"Olesen, Henrik | Collage | Erotik | Ausstellung | Hannover <2003>"
967242622,Buena memoria,2003,9783775713535,https://d-nb.info/967242622/04,"Brodsky, Marcelo | Fotografie | Mitschüler | Buenos Aires | Ausstellung | Hannover <2003> | Brodsky, Marcelo | Jugend | Politische Verfolgung | Verschwinden | Geschichte 1970-1977 | Ausstellung 2003"
968313914,Cubisme,2003,9783891691793,https://d-nb.info/968313914/04,Kubismus | Ausstellung | Hannover <2003> | Kunst | Geschichte 1906-1926 | Ausstellung | Hannover <2003>
970152876,Die Geburt der Nanas,2003,,,
967218233,Kunst_Garten_Kunst,2003,9783936859041,https://d-nb.info/967218233/04,Hannover | Stadtplanung | Landschaftsplanung | Land-art | Ausstellung | Hannover <2003>
967412382,Kurt Schwitters,2003,9783775709880,https://d-nb.info/967412382/04,
965953904,Niki de Saint Phalle,2003,9783775713085,https://d-nb.info/965953904/04,"Saint Phalle, Niki de | Bildband"
965948730,Niki de Saint Phalle,2003,9783775712767,https://d-nb.info/965948730/04,"Saint Phalle, Niki de | Bildband"
968430112,Nikis Welt,2003,9783791329468,,"Saint Phalle, Niki de | Plastik | Jugendsachbuch"
969812272,Paul Klee,2003,9783891691809,https://d-nb.info/969812272/04,"Klee, Paul | Malerei | Geschichte 1931-1941 | Ausstellung | Riehen <Basel, 2003> | Klee, Paul | Zeichnung | Geschichte 1931-1941 | Ausstellung | Riehen <Basel, 2003>"
967881552,Paul Klee,2003,9783716513224,https://d-nb.info/967881552/04,"Klee, Paul | Malerei | Geschichte 1931-1941 | Ausstellung | Riehen <Basel, 2003> | Klee, Paul | Zeichnung | Geschichte 1931-1941 | Ausstellung | Riehen <Basel, 2003>"
965762998,Science + fiction,2003,9783936314212,https://d-nb.info/965762998/04,
966113039,Science + fiction,2003,9783931321314,https://d-nb.info/966113039/04,
967417767,Science + fiction,2003,9783936314229,https://d-nb.info/967417767/04,Science-Fiction | Kunst | Bildband
970142382,"Sprengel-Museum Hannover, Malerei und Plastik",2003,9783891691854,https://d-nb.info/970142382/04,
970142412,"Sprengel-Museum Hannover, Malerei und Plastik",2003,9783891691854,,
969329059,Stephan Balkenhol,2003,9783891691823,,
969328842,Stephan Balkenhol,2003,9783891691816,,
964380153,Agrarlandschaften,2002,9783932187063,,"Riebesehl, Heinrich | Landschaftsfotografie | Norddeutschland | Agrarlandschaft | Geschichte 1976-1979 | Bildband"
968500706,Est-ce que ton image me regarde?,2002,9783891691687,,"Shalev-Gerz, Esther | Bildband"
964493349,Figur Wolkenfänger,2002,9783891691656,https://d-nb.info/964493349/04,"Antes, Horst | Malerei | Geschichte 1959-1966 | Ausstellung | Hannover <2002>"
966139054,Flach_legen,2002,,,
967191858,Future world,2002,9783891691724,,"Neudörfl, Elisabeth | Fotografie | Ausstellung | Hannover <2002>"
963641107,Gerhard Richter - landscapes,2002,9783775791014,,"Richter, Gerhard | Landschaftsmalerei | Ausstellung | Hannover <1998>"
963640747,Gerhard Richter - Landschaften,2002,9783775791052,https://d-nb.info/963640747/04,"Richter, Gerhard | Landschaftsmalerei | Ausstellung | Hannover <1998>"
96609607X,Hundert Tonnen.de,2002,,,
966375572,James Coleman,2002,9783891691755,https://d-nb.info/966375572/04,"Coleman, James | Video | Ausstellung | Hannover <2002>"
963897705,"James Turrell, Slow dissolve",2002,9783891691663,,
964201216,Kunst ist Gleichnis,2002,9783891691670,https://d-nb.info/964201216/04,
965678059,Malerkünstler,2002,9783891691762,https://d-nb.info/965678059/04,Psychopathologie | Kunst | Ausstellung | Hannover <2002>
966079124,Maurizio Nannucci,2002,9783891691700,,
964582856,"Max Baumann - Abgefangen ; 23. Januar - 14. April 2002, Sprengel-Museum, Hannover",2002,9783891691656,,
967997542,Olafur Gislason - Alltagsexperten,2002,9783936919080,https://d-nb.info/967997542/04,Olafur Gislason | Ausstellung | Hannover <2002>
966378288,Sophie Calle,2002,9783883755922,,"Calle, Sophie | Fotografie | Ausstellung | Hannover <2002>"
964592126,The native born,2002,9783891691601,,Aborigines | Kunst
96604987X,Von Niki Mathews zu Niki de Saint Phalle,2002,9783891691779,,"Saint Phalle, Niki de | Malerei | Geschichte 1952-1959 | Ausstellung | Hannover <2002>"
962863580,"""Der stärkste Ausdruck unserer Tage"", neue Sachlichkeit in Hannover",2001,9783487114408,https://d-nb.info/962863580/04,Hannover | Malerei | Geschichte 1920-1930 | Ausstellung | Hannover <2001> | Neue Sachlichkeit | Malerei | Hannover | Ausstellung | Hannover <2001>
962196762,La fête,2001,9783891691588,https://d-nb.info/962196762/04,"Saint Phalle, Niki de | Geschichte 1952-2001 | Schenkung | Sprengel Museum Hannover | Katalog"
962222011,La fête,2001,9783775710459,https://d-nb.info/962222011/04,"Saint Phalle, Niki de | Geschichte 1952-2001 | Schenkung | Sprengel Museum Hannover | Katalog"
964583399,Manfred Pernice - Liegende,2001,9783891691649,,
964405512,Otto Gleichmann und seine Zeit,2001,9783891691625,https://d-nb.info/964405512/04,"Gleichmann, Otto | Biographie"
965080048,Thomas Demand - Report,2001,9783891691595,,
964555476,"Begegnungen: Max Ernst - Carl Wilhelm Kolbe d. Ä., Lyonel Feininger, Dieter Roth",2000,9783891691502,https://d-nb.info/964555476/04,"Ernst, Max | Ausstellung | Quedlinburg <1999> | Feininger, Lyonel | Ausstellung | Quedlinburg <1999> | Roth, Dieter | Ausstellung | Hannover <2000> | Kolbe, Carl Wilhelm | Ausstellung | Wörlitz <2000>"
964583062,Claudia Wissmann - ex architectura,2000,,,
965117111,Dibujos germinales,2000,,https://d-nb.info/965117111/04,Spanien | Zeichnung | Geschichte 1945-2000 | Ausstellung | Hannover <2000>
958332940,Donald Judd. Colorist,2000,9783893228782,https://d-nb.info/958332940/04,"Judd, Donald | Farbe | Ausstellung | Hannover <2000>"
960007458,Donald Judd. Couleur,2000,9783775790574,https://d-nb.info/960007458/04,"Judd, Donald | Farbe | Ausstellung | Hannover <2000>"
960650024,"El Lissitzky, ""Proun 30t"" von 1920",2000,,,"Lisickij, Lazarʹ Markovič | Sprengel Museum Hannover | Neuerwerbung"
958842663,Frauen,2000,9783883754239,,"Schmidt, Michael | Porträtfotografie | Frau | Ausstellung | Hannover <2000>"
958856915,How you look at it,2000,9783896110893,https://d-nb.info/958856915/04,Fotografie | Geschichte 1900-1999 | Ausstellung | Hannover <2000>
960231978,How you look at it,2000,9783896110893,https://d-nb.info/960231978/04,Fotografie | Geschichte 1900-1999 | Ausstellung | Hannover <2000>
959187073,Kulturaustreibung,2000,9783897271210,,Niedersachsen | Nationalsozialismus | Kunstpolitik | Geschichte 1933-1945 | Aufsatzsammlung
959708871,Kurt Schwitters,2000,9783775709262,https://d-nb.info/959708871/04,
962174882,"La fête, Niki de Saint Phalle",2000,,,"Saint Phalle, Niki de | Schenkung | Sprengel Museum Hannover | Ausstellung | Hannover <2000>"
960243267,Merz,2000,9783891691540,,Merzkunst | Ausstellung | Hannover <2000>
96523990X,Merz,2000,9783891691557,https://d-nb.info/96523990X/04,Merzkunst | Ausstellung | Hannover <2000>
957453655,Metamorphosen,2000,9783772820014,https://d-nb.info/957453655/04,Künste | Gedächtnis | Neue Medien | Kongress | Hannover <1997>
960126368,Sony Monster lebt oder wie werde ich eine Videokünstlerin,2000,9783854152828,,"Degenhardt, Carla | Videokunst | Bildband"
960878548,Sprengel zu 2000,2000,,,
960878556,Sprengel zu 2000,2000,,,
96087853X,Sprengel zu 2000,2000,,,
960878564,Sprengel zu 2000,2000,,,
960878513,Sprengel zu 2000,2000,,,
960878572,Sprengel zu 2000,2000,,,
960878505,Sprengel zu 2000,2000,,,
964838257,Sprengel zu 2000,2000,,,
964472287,Sprengel zu 2000,2000,,,
960445250,Über die Welt,2000,9783891691533,,
960445218,Über die Welt,2000,9783891691519,,
960275207,"Yvonne Lee Schultz, Horizont",2000,9783891691526,,
957409494,Baldessari,1999,9783883753966,,"Baldessari, John | Fotografie | Ausstellung | Hannover <1999>"
958332606,Donald Judd. Farbe,1999,9783893227860,https://d-nb.info/958332606/04,"Judd, Donald | Farbe | Ausstellung | Hannover <2000>"
955343984,El Lissitzky: Jenseits der Abstraktion,1999,9783888149177,,"Lisickij, Lazarʹ Markovič | Experimentelle Fotografie | Geschichte 1922-1940 | Ausstellung | Hannover <1999>"
955931851,El Lissitzky: Jenseits der Abstraktion,1999,9783891691397,,"Lisickij, Lazarʹ Markovič | Experimentelle Fotografie | Geschichte 1922-1940 | Ausstellung | Hannover <1999>"
956070426,Emil Nolde und die Sammlung Sprengel 1937 bis 1956,1999,9783891691410,https://d-nb.info/956070426/04,"Nolde, Emil | Sprengel, Bernhard | Sammlung | Ausstellung | Hannover <1999>"
960036482,James Welling,1999,9783891691465,,"Welling, James | Fotosequenz | Fotogramm | Ausstellung | Hannover <1999>"
958028370,Jimmy Ernst,1999,9783891691489,,"Ernst, Jimmy | Malerei | Geschichte 1942-1982 | Ausstellung | Hannover <1999>"
957541600,Max Beckmann,1999,9783891691441,https://d-nb.info/957541600/04,"Beckmann, Max | Druckgrafik | Sprengel Museum Hannover | Katalog"
958574189,Mechanismus und Ausdruck,1999,9783891691427,,"Fotografie | Geschichte | Sammlung | Ausstellung | Hannover <1999> | Wilde, Ann | Sammlung | Ausstellung | Hannover <1999> | Wilde, Jürgen | Sammlung | Ausstellung | Hannover <1999>"
956271987,Mechanismus und Ausdruck,1999,9783888149269,,"Fotografie | Geschichte | Sammlung | Ausstellung | Hannover <1999> | Wilde, Ann | Sammlung | Ausstellung | Hannover <1999> | Wilde, Jürgen | Sammlung | Ausstellung | Hannover <1999>"
958007624,Nomadengut,1999,9783891691496,https://d-nb.info/958007624/04,"Straus-Ernst, Louise | Autobiographie 1914-1942"
957538820,"Pia Stadtbäumer, Max und Clara",1999,,,
960098828,Theo Garve,1999,,,
962059250,Über die Welt,1999,,,
962059188,Über die Welt,1999,,,
962059234,Über die Welt,1999,,,
962059293,Über die Welt,1999,,,
954114663,Alexander Rodtschenko - Das neue Moskau,1998,9783888149184,,"Rodčenko, Aleksandr Michajlovič | Dokumentarfotografie | Moskau | Geschichte 1929-1932 | Sammlung | Ausstellung 1999 | Tatunz, L. | Sammlung | Ausstellung | Hannover <1999> | Tatunz, G. | Sammlung | Ausstellung | Hannover <1999>"
955931320,Alexander Rodtschenko - Das neue Moskau,1998,9783888149184,,"Rodčenko, Aleksandr Michajlovič | Dokumentarfotografie | Moskau | Geschichte 1929-1932 | Sammlung | Ausstellung 1999 | Tatunz, L. | Sammlung | Ausstellung | Hannover <1999> | Tatunz, G. | Sammlung | Ausstellung | Hannover <1999>"
954984838,Circus Beckmann,1998,9783877067529,,"Beckmann, Max | Malerei | Ausstellung | Hannover <1998>"
952878496,Das große Dadagluten,1998,9783891691281,,"Schwitters, Kurt | Sammlung | Schwitters, Ernst | Ausstellung | Hannover <1998>"
960865071,Furor Dada,1998,9727760155,,"Schwitters, Kurt | Sammlung | Schwitters, Ernst | Ausstellung | Hannover <1998>"
954944658,Gerhard Richter - Landschaften,1998,9783893229505,https://d-nb.info/954944658/04,"Richter, Gerhard | Landschaftsmalerei | Ausstellung | Hannover <1998>"
962059765,Gia Edzgveradze,1998,9783891691342,,"Ejġveraje, Gia | Ausstellung | Hannover <1999>"
953497275,Hanns Schimansky,1998,9783891691304,https://d-nb.info/953497275/04,"Schimansky, Hanns | Zeichnung | Ausstellung | Hannover <1998>"
955844614,"Harald Naegeli, Raumwolken",1998,,,
957510578,Ilya Kabakov,1998,9783877067567,https://d-nb.info/957510578/04,"Kabakov, Ilʹja Iosifovič | Zeichnung | Ausstellung | Heerlen <1998>"
953361160,Kurt Schwitters,1998,9783891691328,,"Schwitters, Kurt | Sprengel Museum Hannover | Werkverzeichnis"
953469573,Paco Knöller,1998,9783891691267,,"Knöller, Paco R. | Zeichnung | Ausstellung | Hannover <1998>"
956199348,R. B. Kitaj,1998,9783891691274,,"Kitaj, R. B. | Malerei | Ausstellung | Oslo <1998>"
956824595,Sigrid Redhardt,1998,9783930315161,,"Redhardt, Sigrid | Malerei | Ausstellung | Solingen <1998>"
963030574,Über die Welt,1998,,,
963030558,Über die Welt,1998,,,
955985064,Über die Welt,1998,9783891691298,,
962059110,Über die Welt,1998,9783891691335,,
957295804,"Wasa Markanov, das Hannover-Projekt",1998,9783891691373,https://d-nb.info/957295804/04,"Marjanov, Wasa | Ausstellung | Hannover <1998>"
951016539,Albert Renger-Patzsch,1997,9783891691168,,"Renger-Patzsch, Albert | Fotografie | Ausstellung | Hannover <1997>"
951730908,"""Aus gegebenem Anlaß"" William Gear",1997,,,
953418650,Borobudur Projekt,1997,9783894661878,,Borobudur | Ausstellung | Duisburg <1997>
950767301,"Conrad Felixmüller, die Dresdner Jahre 1910 - 1934",1997,9783879095476,,"Felixmüller, Conrad | Malerei | Ausstellung | Dresden <1997>"
953847950,"Conrad Felixmüller, die Dresdner Jahre 1910 - 1934",1997,9783879095476,,"Felixmüller, Conrad | Malerei | Ausstellung | Dresden <1997>"
951035959,Cum Eva & Adele,1997,9783893223251,,Eva & Adele | Ausstellung | Hannover <1997>
951339184,Cum Eva & Adele,1997,9783893223251,,Eva & Adele | Ausstellung | Hannover <1997>
953469379,Emil Schumacher,1997,9783891691212,,"Schumacher, Emil | Malerei | Ausstellung | Hannover <1997>"
1290810559,"Felix Gonzáles-Torres: Ausstellung Hannover, Sprengel Museum; St. Gallen und Wien 1997-1998",1997,,,
950703834,Felix Gonzalez-Torres,1997,9783893228836,,
955299764,Felix Gonzalez-Torres,1997,9783893228836,,
950703877,Felix Gonzalez-Torres,1997,9783893228836,,
955299845,Felix Gonzalez-Torres,1997,9783893228836,,
953502716,Friedrich Seidenstücker,1997,9783891691199,,"Seidenstücker, Friedrich | Schnappschuss | Berlin | Sammlung | Ausstellung | Hannover <1996> | Wilde, Ann | Sammlung | Ausstellung | Hannover <1996> | Wilde, Jürgen | Sammlung | Ausstellung | Hannover <1996>"
953469042,"Heinrich Riebesehl, Bahnlandschaften",1997,9783891691229,,
951341103,Henri de Toulouse-Lautrec,1997,9783891691236,,"Toulouse-Lautrec, Henri de | Druckgrafik | Sprengel Museum Hannover | Ausstellung | Hannover <1997>"
951475169,Kurt Schwitters,1997,9783877067710,,"Schwitters, Kurt | Sprengel Museum Hannover | CD-ROM"
951423665,Max Peiffer Watenphul,1997,9783891691137,,"Peiffer Watenphul, Max | Malerei | Ausstellung | Rom <1997>"
953431061,"(Mit Automaten), Bogomir Ecker",1997,9783891691151,https://d-nb.info/953431061/04,"Ecker, Bogomir | Installation | Ausstellung | Hannover <1997>"
957324707,Open flowers for the Beatniks,1997,,,
948282746,Paul Klee,1997,9783877067802,,"Sprengel Museum Hannover | Klee, Paul | CD-ROM"
951476815,Paul Klee,1997,9783877067819,,"Sprengel Museum Hannover | Klee, Paul | CD-ROM"
954020049,Peter Brüning,1997,,,"Brüning, Peter | Arbeiten auf Papier | Ausstellung | Hannover <1997>"
953470466,Peter Brüning,1997,9783879095445,,"Brüning, Peter | Arbeiten auf Papier | Ausstellung | Hannover <1997>"
953056368,"Tadashi Kawamata, field work",1997,9783893223480,https://d-nb.info/953056368/04,"Kawamata, Tadashi"
953585336,There and gone,1997,9783923922499,,"Gossage, John | Fotografie | Ausstellung | Hannover <1997>"
951323768,Thom Merrick,1997,9783893224067,,"Merrick, Thom | Installation | Ausstellung | Hannover <1997>"
952195313,"Thomas Struth, Portraits",1997,9783888142628,,"Struth, Thomas | Porträtfotografie | Ausstellung | Hannover <1997>"
951314645,Wie modelliert man Lupo - von Aachen bis Zürich,1997,9783891691175,,
95347027X,Wildlife memories,1997,9783891691250,,"Zück, Christina | Tierfotografie | Ausstellung | Hannover <1997>"
956180353,"Zirkus, Zirkus, Zirkus",1997,9783891691243,,
956180310,"Zirkus, Zirkus, Zirkus",1997,9783891691243,,
946437971,"Allan McCollum, natural copies",1996,9783893228058,,"McCollum, Allan | Serielle Kunst | Ausstellung | Hannover <1995>"
948001437,Blast,1996,9783891691052,https://d-nb.info/948001437/04,Vortizismus | Kunst | Geschichte | Ausstellung | Hannover <1996>
947983198,Der kleine Vampir und andere Säugetiere,1996,9783891691069,,
946904111,Ein-heit,1996,9783931141172,,"Schmidt, Michael | Fotografie | Ausstellung | New York <NY, 1996>"
947719245,Ernst Barlach und Käthe Kollwitz,1996,9783891691038,,"Kollwitz, Käthe | Grafik | Sprengel Museum Hannover | Katalog | Barlach, Ernst | Grafik | Sprengel Museum Hannover | Katalog"
94859635X,Garten der Frauen,1996,9783891691090,,Deutschland | Künstlerin | Avantgarde | Geschichte 1900-1914 | Ausstellung | Hannover <1996> | Deutschland | Kunst | Avantgarde | Geschichte 1900-1914 | Ausstellung | Hannover <1996>
949317284,Garten der Frauen,1996,9783891691090,https://d-nb.info/949317284/04,Deutschland | Künstlerin | Avantgarde | Geschichte 1900-1914 | Ausstellung | Hannover <1996> | Deutschland | Kunst | Avantgarde | Geschichte 1900-1914 | Ausstellung | Hannover <1996>
950124680,Gisèle Freund,1996,9783891691076,https://d-nb.info/950124680/04,"Freund, Gisèle | Porträtfotografie | Schriftsteller | Ausstellung | Hannover <1996>"
947962069,Hanne Darboven - Evolution Leibniz,1996,9783893228454,,"Darboven, Hanne | Ausstellung | Hannover <1996>"
948692995,"Hanne Darboven, Evolution Leibniz",1996,9783893228454,,"Darboven, Hanne | Ausstellung | Hannover <1996>"
949707732,Joan Miró,1996,9783891691083,,"Miró, Joan | Druckgrafik | Sprengel Museum Hannover | Ausstellung | Hannover <1996>"
948456426,Judith Joy Ross,1996,9783891691014,,"Ross, Judith Joy | Porträtfotografie | Ausstellung | Hannover <1996>"
946579679,Karin Sander,1996,9783891690925,,
947561676,Kurt Schwitters,1996,9783877067703,,"Schwitters, Kurt | Sprengel Museum Hannover | CD-ROM"
948823062,Kurt Schwitters,1996,9783891691120,https://d-nb.info/948823062/04,"Schwitters, Kurt | Sammlung | Schwitters, Ernst | Katalog"
948030232,Lexicon,1996,9783891691045,,"Horlitz, Andreas | Installation | Ausstellung | Hannover <1996>"
947327088,Lyonel Feininger,1996,9783891691021,,"Feininger, Lyonel | Sprengel Museum Hannover | Ausstellung | Hannover <1996> | Feininger, Lyonel | Sprengel Museum Hannover | Katalog"
949836036,"Marc Chagall, Himmel und Erde",1996,9783891691144,https://d-nb.info/949836036/04,"Chagall, Marc | Druckgrafik | Sprengel Museum Hannover | Katalog"
947130055,Marcel Broodthaers,1996,9783893228362,https://d-nb.info/947130055/04,"Broodthaers, Marcel | Druckgrafik | Edition | Werkverzeichnis | Broodthaers, Marcel | Druckgrafik | Edition | Ausstellung | Hannover <1996>"
949796530,"Marcel Odenbach, Besenrein",1996,9783891691113,,"Odenbach, Marcel | Video-Installation | Ausstellung | Hannover <1997>"
947982973,"Michel Sauer, die Winkelmusik",1996,9783891691007,,
94619937X,"Qin Yufen, qing-zhou, (schwebende Boote)",1996,9783891690987,,"Qin, Yufen | Installation | Ausstellung | Hannover <1996>"
946958246,Sex & Crime,1996,9783891690994,https://d-nb.info/946958246/04,Erotische Kunst | Gewalt | Ausstellung | Hannover <1996>
948779950,Wenn der Mond einen Hof hat,1996,,,Psychopathologie | Kunst | Ausstellung | Hannover <1996>
950619663,(Zuspiel),1996,,,
946578583,"Anthony Hernandez, Landscapes for the homeless",1995,9783891690956,,
946581576,August Sander,1995,9783891690963,,"Sander, August | Fotografie | Sardinien | Ausstellung | Hannover <1995>"
946571503,Besucher im Sprengel-Museum Hannover,1995,,https://d-nb.info/946571503/04,
946571511,Besucher im Sprengel-Museum Hannover,1995,,,
943419980,Eberhard Bosslet,1995,9783891690857,,"Bosslet, Eberhard | Ausstellung | Hannover <1995>"
946446555,McCollum - Simmons,1995,9783893222971,,"Simmons, Laurie | Bildband | Actual Photos | Bildband"
944511457,Nikolaus Lang,1995,9783891690918,https://d-nb.info/944511457/04,"Lang, Nikolaus | Installation | Naturkunst | Ausstellung | Hannover <1995>"
944205941,Norbert Radermacher,1995,9783891690888,,
946579369,Pablo Picasso,1995,9783791314365,https://d-nb.info/946579369/04,"Picasso, Pablo | Skizzenbuch | Plastik | Entwurf | Ausstellung | Duisburg <1995>"
94574871X,Pablo Picasso on the path to sculpture,1995,9783791316116,https://d-nb.info/94574871X/04,"Picasso, Pablo | Skizzenbuch | Plastik | Entwurf | Ausstellung | Duisburg <1995>"
945392125,"Raimund Girke, Malerei",1995,9783893227396,,"Girke, Raimund | Malerei | Ausstellung | Hannover <1995>"
944818773,"Raimund Girke, Malerei",1995,9783893227396,,"Girke, Raimund | Malerei | Ausstellung | Hannover <1995>"
946580766,"Robert Adams, What we bought: the new world",1995,9783891690949,,"Adams, Robert | Fotografie | Denver, Colo. | Ausstellung | Hannover <1995>"
946578907,Segelohr und Rattenschwanz,1995,9783891690932,,
944442757,Spectrum-Photogalerie,1995,9783891690895,,Photogalerie Spectrum | Ausstellung | Hannover <1994> | Fotografie | Ausstellung | Hannover <1994>
945148151,Stories,1995,9783891690864,https://d-nb.info/945148151/04,"Holmes à Court, Janet | Sammlung | Ausstellung | Hannover <1995> | Aborigines | Malerei | Geschichte 1982-1994 | Sammlung | Ausstellung | Hannover <1995>"
944443869,"Walter Fähndrich, Musik für Räume",1995,9783891690901,,
941686582,Abraham David Christian,1994,9783891690796,,"Christian, Abraham David | Zeichnung | Ausstellung | Hannover <1994>"
941783278,Bildwechsel,1994,9783891690802,https://d-nb.info/941783278/04,Sprengel Museum Hannover | Führer
940881942,Claude Wall,1994,9783891690789,,"Wall, Claude | Ausstellung | Hannover <1994>"
940296691,Die Erfindung der Natur,1994,9783793006886,https://d-nb.info/940296691/04,Naturdarstellung | Surrealismus | Ausstellung | Hannover <1994>
941381889,Die Orte der Kunst,1994,9783893226146,https://d-nb.info/941381889/04,Kunstbetrieb | Kunst | Geschichte 1982-1994 | Ausstellung | Hannover <1994>
940498227,Die Zelle,1994,9783891690772,,"Adler, Gosbert | Fotografie | Baublock | Ausstellung | Hannover <1994>"
942271955,"Figur, Natur",1994,9783891690833,,
942534336,Franz Erhard Walther,1994,9783891690840,https://d-nb.info/942534336/04,"Walther, Franz Erhard | Ausstellung | Hannover <1994>"
944208924,Karl Blossfeldt,1994,9783929790047,,"Blossfeldt, Karl | Pflanzenfotografie | Ausstellung | Bonn <1994>"
940950847,Matthew McCaslin,1994,9783893222704,https://d-nb.info/940950847/04,"McCaslin, Matthew | Installation | Ausstellung | Hannover <1994>"
942638255,Matthew McCaslin,1994,9783893222704,https://d-nb.info/942638255/04,"McCaslin, Matthew | Installation | Ausstellung | Hannover <1994>"
940004364,"Nicholas Nixon, Familienbilder",1994,9783891690765,,"Nixon, Nicholas | Fotografie | Ausstellung | Hannover <1994>"
943733456,"No place, Mischa Kuball",1994,9783891690819,,
941485021,"Oskar Schlemmer - Tanz, Theater, Bühne",1994,9783926154231,https://d-nb.info/941485021/04,"Schlemmer, Oskar | Bühnenbild | Ausstellung | Düsseldorf <1994> | Schlemmer, Oskar | Theaterkostüm | Ausstellung | Düsseldorf <1994> | Schlemmer, Oskar | Inszenierung | Ausstellung | Düsseldorf <1994> | Schlemmer, Oskar | Theater | Aufsatzsammlung"
942042441,"Oskar Schlemmer - Tanz, Theater, Bühne",1994,9783775705219,https://d-nb.info/942042441/04,"Schlemmer, Oskar | Bühnenbild | Ausstellung | Düsseldorf <1994> | Schlemmer, Oskar | Theaterkostüm | Ausstellung | Düsseldorf <1994> | Schlemmer, Oskar | Inszenierung | Ausstellung | Düsseldorf | Schlemmer, Oskar | Theater | Aufsatzsammlung"
942223446,"Paul-Steegemann-Verlag 1919 - 1935, 1949 - 1955",1994,9783891690826,https://d-nb.info/942223446/04,Paul Steegemann Verlag | Ausstellung | Hannover <1994> | Paul Steegemann Verlag | Bibliographie
942336429,Paul-Steegemann-Verlag 1919 - 1935/1949 - 1955,1994,9783775705288,https://d-nb.info/942336429/04,Paul-Steegemann-Verlag | Ausstellung | Hannover <1994> | Paul-Steegemann-Verlag | Katalog
94347602X,Wunderhorn,1994,,,
931152577,"Carl Fredrick Reuterswärd, das graphische Werk",1993,9783891690741,https://d-nb.info/931152577/04,"Reuterswärd, Carl Fredrik | Grafik | Ausstellung | Hannover <1993>"
931629098,Dada,1993,,https://d-nb.info/931629098/04,Dadaismus | Kunst | Geschichte 1916-1925 | Ausstellung | München <1993>
931161819,Die Gesellschaft gilt es zu einem Kunstwerk zu machen,1993,,,
931148669,"Fotografie, Sammlung Ann und Jürgen Wilde",1993,,,
930455177,Helmut Schober,1993,9783791312460,https://d-nb.info/930455177/04,"Schober, Helmut | Ausstellung | Hannover <1993>"
931753708,Helmut Schober,1993,9783791312460,https://d-nb.info/931753708/04,"Schober, Helmut | Ausstellung | Hannover <1993>"
931743079,Keith Sonnier,1993,9783893225446,https://d-nb.info/931743079/04,"Sonnier, Keith | Ausstellung | Hannover <1993>"
931250781,Konstruktion Zitat,1993,9783891690758,https://d-nb.info/931250781/04,Experimentelle Fotografie | Ausstellung | Hannover <1993>
931447275,Kulturaustreibung,1993,9783926174703,https://d-nb.info/931447275/04,Niedersachsen | Nationalsozialismus | Kunstpolitik | Aufsatzsammlung
940536137,"Otto Dix, Bildnis der Eltern",1993,9783596239139,,"Dix, Otto | Sprengel Museum Hannover"
930593057,Thomas Emde,1993,9783891690734,,"Emde, Thomas | Ausstellung | Hannover <1993>"
921004311,Agenore Fabbri,1992,9783891690697,https://d-nb.info/921004311/04,
920800092,Busstops,1992,9783777459707,https://d-nb.info/920800092/04,Haltestelle | Omnibuslinienverkehr | Bauentwurf | Ausstellung | Hannover <1992>
921450729,Die Metamorphosen der Bilder,1992,9783891690710,https://d-nb.info/921450729/04,
921119925,Emil Nolde,1992,9783891690703,https://d-nb.info/921119925/04,
920338267,François Morellet,1992,9783891690659,,
920338151,Graphische Sammlung / Sprengel-Museum Hannover,1992,9783891690666,,
1318306892,John Heartfield,1992,9780810934139,https://d-nb.info/1318306892/04,
921033303,Kunst aus Costa Rica,1992,9783891690680,https://d-nb.info/921033303/04,
911034501,Kunst im 20. Jahrhundert,1992,9783875851724,https://d-nb.info/911034501/04,Sprengel Museum Hannover | Plastik | Kunstbetrachtung | Aufsatzsammlung | Sprengel Museum Hannover | Malerei | Kunstbetrachtung | Aufsatzsammlung
920919766,Sprengel-Museum Hannover,1992,,https://d-nb.info/920919766/04,Sprengel Museum Hannover | Führer
930128222,Tod dem Mondschein oder gelbe Ohrfeigen,1992,9783879093052,,"Sprengel Museum Hannover | Theater | Aufführung | Futurismus | Bildband | Sieckmeyer, Jürgen | Theaterfotografie | Bildband"
920618790,Yvonne Goulbier,1992,9783891690673,,
911387927,Aussenraum Innenstadt,1991,9783891690642,https://d-nb.info/911387927/04,
910411158,"Bestandsverzeichnis Archiv Robert Michel, Ella Bergmann-Michel im Sprengel-Museum Hannover",1991,9783891690611,https://d-nb.info/910411158/04,
910411166,"Bestandsverzeichnis Archiv Robert Michel, Ella Bergmann-Michel im Sprengel-Museum Hannover",1991,9783891690611,https://d-nb.info/910411166/04,
910545006,Carl Buchheister,1991,9783891690635,,
911112448,Im Lärm der Stadt,1991,9783777457703,https://d-nb.info/911112448/04,Öffentlicher Raum | Installation | Ausstellung | Hannover <1991>
930639200,John Heartfield,1991,9783770125883,https://d-nb.info/930639200/04,
931161800,Kunst und Fotografie,1991,,https://d-nb.info/931161800/04,
910161380,Max Ernst,1991,9783891690628,https://d-nb.info/910161380/04,
931161797,"Max Ernst, Werke und Themen",1991,,https://d-nb.info/931161797/04,
920570674,"Osvaldo Romberg, On scale, Im Massstab",1991,9783923576869,https://d-nb.info/920570674/04,
930876547,"Anna und Bernhard Johannes Blume, Trautes Heim",1990,,,
900997591,Bis jetzt,1990,9783777453309,https://d-nb.info/900997591/04,Deutschland | Öffentlicher Raum | Freiplastik | Ausstellung | Hannover <1990>
910596603,Bis jetzt,1990,9783777453309,https://d-nb.info/910596603/04,Deutschland | Öffentlicher Raum | Freiplastik | Ausstellung | Hannover <1990>
900642351,Carel Visser,1990,9783891690536,https://d-nb.info/900642351/04,
900642378,Ella Bergmann-Michel,1990,9783891690543,https://d-nb.info/900642378/04,
930847040,Ella Bergmann-Michel,1990,,,
930847032,"Fred Sandback, Ohne Titel",1990,,,
900788267,Hans-Albert Walter,1990,9783891690567,,
921309686,"Kurt Schwitters, Typographie und Werbegestaltung",1990,9783892580096,https://d-nb.info/921309686/04,
900372508,Les-Art,1990,9783922382492,https://d-nb.info/900372508/04,
900961260,Max Ernst,1990,9783891690598,https://d-nb.info/900961260/04,
901409448,Museum der Sinne,1990,9783891690604,https://d-nb.info/901409448/04,
901440647,Neonstücke,1990,9783893222063,https://d-nb.info/901440647/04,
942673867,Notes for sleep time,1990,,,
921051441,Oca Hannover,1990,,,
900855320,Richard Tuttle,1990,9783891690574,https://d-nb.info/900855320/04,
921271557,Richard Tuttle,1990,,,
942440757,"Richard Tuttle, Einleitung",1990,,,
901426199,"Ring ""Neue Werbegestalter"" 1928 - 1933",1990,9783891690581,https://d-nb.info/901426199/04,
921309767,"Ring ""Neue Werbegestalter"", die Amsterdamer Ausstellung 1931",1990,9783892580119,https://d-nb.info/921309767/04,
921309740,"Vordemberge-Gildewart, Typographie und Werbegestaltung",1990,9783892580102,https://d-nb.info/921309740/04,
901088803,Wolfgang Mattheuer,1990,9783891690550,,
890935416,"10 [Zehn] Jahre Sprengel-Museum Hannover ""Layout""",1989,9783891690468,https://d-nb.info/890935416/04,
891312463,"Bernhard Heisig, Retrospektive",1989,9783791309927,https://d-nb.info/891312463/04,"Heisig, Bernhard | Ausstellung | Berlin <West, 1989>"
891613188,Der Blaue Reiter,1989,9783891690499,https://d-nb.info/891613188/04,
890932581,Horst Antes,1989,9783891690475,https://d-nb.info/890932581/04,
891437134,Kate Steinitz,1989,9783891690512,https://d-nb.info/891437134/04,
891449612,Max Ernst,1989,9783891690505,https://d-nb.info/891449612/04,
891191089,Michael Schoenholtz,1989,9783891690482,https://d-nb.info/891191089/04,
891250999,"Verschollen, das Merzbild 1919 [neunzehnhundertneunzehn]",1989,,,
881433039,Artists in Residence,1988,,https://d-nb.info/881433039/04,
21097219X,Brasiljá,1988,9783925520143,https://d-nb.info/21097219X/04,
890370753,Der Maurer von Duane Hanson,1988,,,
890594635,Didaktische und andere Besucherinformationen / Sprengel-Museum Hannover,1988,,,
955139236,Die Camera Obscura als Unterrichtsgegenstand der Schule,1988,,,
993147402,El Lissitzky,1988,,,
880139536,El Lissitzky,1988,9783549066805,https://d-nb.info/880139536/04,"Lisickij, Lazarʹ Markovič | Ausstellung | Hannover <1988>"
993491464,El Lissitzky,1988,,,
955050464,Foto-Literatur zur Vorbereitung und Gestaltung von Unterricht,1988,,,
955137438,Fotovision,1988,,,
890048169,Fotovision,1988,9783891690444,https://d-nb.info/890048169/04,
880979011,Gerd Winner,1988,9783891690420,https://d-nb.info/880979011/04,
880653817,Gerhard Altenbourg,1988,9783875842432,https://d-nb.info/880653817/04,"Altenbourg, Gerhard | Ausstellung | Bremen <1988>"
955138787,Inszenierte Fotografie: Zwei Beispiele,1988,,,
880528133,Karl Schaper,1988,9783891690413,,
95504586X,Kunst und Fotografie,1988,,,
890009791,Mechtild Frisch,1988,9783891690437,,
880469838,"Otto Dix, Bildnis der Eltern",1988,9783596239139,,"Dix, Otto | Sprengel Museum Hannover"
880450177,Photogramme,1988,9783891690406,,
955138388,Private Bilder,1988,,,
890331936,Robert Michel,1988,9783891690451,https://d-nb.info/890331936/04,
881344737,Das kann mein Kind auch!,1987,,https://d-nb.info/881344737/04,
890594279,Didaktische und andere Besucherinformationen / Sprengel-Museum Hannover,1987,,,
890594589,Didaktische und andere Besucherinformationen / Sprengel-Museum Hannover,1987,,,
890594597,Didaktische und andere Besucherinformationen / Sprengel-Museum Hannover,1987,,,
890594619,Didaktische und andere Besucherinformationen / Sprengel-Museum Hannover,1987,,,
890594678,Didaktische und andere Besucherinformationen / Sprengel-Museum Hannover,1987,,,
890594686,Didaktische und andere Besucherinformationen / Sprengel-Museum Hannover,1987,,,
890594694,Didaktische und andere Besucherinformationen / Sprengel-Museum Hannover,1987,,,
890594708,Didaktische und andere Besucherinformationen / Sprengel-Museum Hannover,1987,,,
890594562,Didaktische und andere Besucherinformationen / Sprengel-Museum Hannover,1987,,,
890594414,Didaktische und andere Besucherinformationen / Sprengel-Museum Hannover,1987,,,
890594406,Didaktische und andere Besucherinformationen / Sprengel-Museum Hannover,1987,,,
890753849,"Die Abstrakten, Hannover",1987,9783891690383,https://d-nb.info/890753849/04,
1066676461,"El Lissitzky, 1890 - 1941",1987,,,
979618398,"El Lissitzky, 1890-1941",1987,0916724662,,
890498784,Kunstspiel,1987,,https://d-nb.info/890498784/04,
871279916,Kurt Schwitters,1987,9783549066676,https://d-nb.info/871279916/04,"Schwitters, Kurt | Ausstellung | Hannover <1986>"
890597499,Michael Schmidt,1987,9783891690390,,
890735840,Milan Knížák,1987,9783891690345,,
871531410,Otto Gleichmann,1987,9783891690352,https://d-nb.info/871531410/04,
210972572,Paul Klee,1987,,https://d-nb.info/210972572/04,
891127380,Paul Klee,1987,,https://d-nb.info/891127380/04,
95634917X,Tomas Schmit,1987,,,
871364646,Victor Kraus,1987,9783891690376,https://d-nb.info/871364646/04,
870963163,Wege zum lebendigen Museum,1987,9783924556112,https://d-nb.info/870963163/04,
880258314,Wolfgang Mattheuer,1987,,,
870106783,"1936 [Neunzehnhundertsechsunddreissig], verbotene Bilder",1986,,https://d-nb.info/870106783/04,
860647137,Carl Fredrik Reuterswärd,1986,,https://d-nb.info/860647137/04,
890594600,Didaktische und andere Besucherinformationen / Sprengel-Museum Hannover,1986,,,
890594643,Didaktische und andere Besucherinformationen / Sprengel-Museum Hannover,1986,,,
890594651,Didaktische und andere Besucherinformationen / Sprengel-Museum Hannover,1986,,,
890305196,GÄA,1986,9783891690338,,
890305218,GÄA,1986,9783891690338,,
890305226,GÄA,1986,9783891690338,,
861133064,Hubertus Gojowczyk,1986,,https://d-nb.info/861133064/04,"Gojowczyk, Hubertus | Buchgestaltung | Buchkunst | Geschichte | Ausstellung | Buchobjekt | Einbandkunde | Sprengel Museum Hannover | Hannover | Einbandkunde | Gojowczyk, Hubertus | Einbandkunde | Geschichte | Einbandkunde | Geschichte 1986 | Gojowczyk, Hubertus | Kunstwissenschaft | Geschichte"
946811792,Jugend zeichnet und gestaltet,1986,,,
860411621,Kurt Schwitters,1986,9783549066676,https://d-nb.info/860411621/04,"Schwitters, Kurt | Ausstellung | Hannover <1986>"
880038306,Max Ernst,1986,,https://d-nb.info/880038306/04,
870088130,Picasso,1986,9783549066683,https://d-nb.info/870088130/04,"Picasso, Pablo | Sprengel Museum Hannover | Katalog"
890819181,Picasso im Sprengel-Museum Hannover,1986,9783549066683,https://d-nb.info/890819181/04,
870204823,Positionen,1986,9783885202189,https://d-nb.info/870204823/04,"Deutschland | Malerei | Geschichte 1953-1986 | Ausstellung | Berlin <Ost, 1986>"
860350533,Abraham David Christian,1985,9783891690291,,
850894050,Ansgar Nierhoff,1985,9783775702096,https://d-nb.info/850894050/04,
890594627,Didaktische und andere Besucherinformationen / Sprengel-Museum Hannover,1985,,,
850656214,Gerhard Hoehme,1985,9783891650219,,
850862620,Henri Laurens,1985,9783891690246,https://d-nb.info/850862620/04,
860226832,"Herbert Zangs, Arbeiten 1952 - 1962",1985,,,
870961837,Jürgen Brodwolf,1985,9783891690239,,
890498776,Kunstspiel,1985,,https://d-nb.info/890498776/04,
860240991,Reinhold Koehler,1985,9783891690277,https://d-nb.info/860240991/04,
850846013,Sprengel-Museum Hannover,1985,9783891690253,https://d-nb.info/850846013/04,
870456334,Stiftung Sammlung Bernhard Sprengel,1985,9783891690284,https://d-nb.info/870456334/04,
871092719,Studien zu Kunstwerken im Sprengel-Museum Hannover,1985,9783888950087,https://d-nb.info/871092719/04,
941747115,"Das immerwährende Ereignis zeigt, the eternal network presents, la fête permanente présente Robert Fillliou",1984,,,
890594570,Didaktische und andere Besucherinformationen / Sprengel-Museum Hannover,1984,,,
890594333,Didaktische und andere Besucherinformationen / Kunstmuseum Hannover mit Sammlung Sprengel,1984,,,
891562761,Ludwig Arnold,1984,,,
850891264,Nackt in der Kunst des 20. [zwanzigsten] Jahrhunderts,1984,,https://d-nb.info/850891264/04,
850901650,Nackt in der Kunst des 20. [zwanzigsten] Jahrhunderts,1984,9783887461027,https://d-nb.info/850901650/04,
860357759,Osvaldo Romberg und der Merzbau von Kurt Schwitters,1984,,,
850704901,Rolf Iseli,1984,,,
850275458,Holographie,1983,,,
880447680,Reichtum der Moderne,1979,,https://d-nb.info/880447680/04,Sprengel Museum Hannover | Bildband
551812354,"Bestandsverzeichnis Archiv Robert Michel, Ella Bergmann-Michel im Sprengel-Museum Hannover",,9783891690611,,
946571406,Besucher im Sprengel-Museum Hannover,,,,
501506667,Didaktische und andere Besucherinformationen / Sprengel-Museum Hannover,,,,
95529097X,Felix Gonzalez-Torres,,9783893228836,,"González-Torres, Félix | Ausstellung | Hannover <1997>"
950703486,Felix Gonzalez-Torres,,9783893228836,,"González-Torres, Félix | Ausstellung | Hannover <1997> | González-Torres, Félix | Werkverzeichnis"
955299675,Felix Gonzalez-Torres,,9783893228836,,"González-Torres, Félix | Ausstellung | Hannover <1997> | González-Torres, Félix | Werkverzeichnis"
551505893,GÄA,,9783891690338,,
551922788,Graphische Sammlung / Sprengel-Museum Hannover,,,,Sprengel Museum Hannover | Grafik | Katalog
20985894X,Kunst über Kunst,,,,
959708804,Kurt Schwitters,,,,"Schwitters, Kurt | Werkverzeichnis"
953469530,Nulla dies sine linea,,,,Zeichnung | Ausstellung | Hannover <1998>
966397339,Science + fiction,,,,Kunst | Wissenschaftstransfer | Globalisierung | Ausstellung | Hannover <2002>
551660538,Skulptur begreifen ...,,,,
970155913,"Sprengel-Museum Hannover, Malerei und Plastik",,9783891691854,,Sprengel Museum Hannover | Malerei | Katalog | Sprengel Museum Hannover | Plastik | Katalog | Sprengel Museum Hannover | Malerei | Aufsatzsammlung | Malerei | Geschichte 1900-2000 | Aufsatzsammlung
960878483,Sprengel zu 2000,,,,
969908717,Stephan Balkenhol,,,,"Balkenhol, Stephan | Ausstellung | Hannover <2003>"
551259213,Stiftung Sammlung Bernhard Sprengel,,,,
551297735,Studio / Sprengelmuseum Hannover,,,,
551297719,Studio / Kunstmuseum Hannover mit Sammlung Sprengel,,,,
956348858,Tomas Schmit,,,,"Schmit, Tomas | Ausstellung"
551766174,"""Typographie kann unter Umständen Kunst sein""",,,,
955984920,Über die Welt,,,,Fotografie | Ausstellung | Hannover <2000>
95618023X,"Zirkus, Zirkus, Zirkus",,9783891691243,,
